name,link
Kurayukaba,/anime/kurayukaba-jvzp4
Kuramerukagari,/anime/kuramerukagari-vvy04
Oomuro-ke: dear sisters,/anime/oomuro-ke-7j168
Boonie Bears: Mystical Winter,/anime/xiong-chumo-xue-ling-xiong-feng-prw16
Genbanojo,/anime/genbanojou-2ov94
Detective Conan vs. Kid the Phantom Thief,/anime/meitantei-conan-vs-kaitou-kid-pr45q
Atashin'chi Movie,/anime/atashinchi-movie-1nvnv
Kennedy Knights pilot,/anime/kennedy-knights-pilot-52v2m
The Magical Cat Dance,/anime/bakeneko-dance-yq8qj
Will Power,/anime/kokoro-no-chikara-qxvl5
Diseases Spread,/anime/byoudoku-no-denpa-ojv9z
Ten Little Indians,/anime/juu-nin-no-chiisa-na-indian-pr8k9
Spotlight,/anime/sarasoujuu-no-hana-no-iro-jvzny
Tarzan,/anime/tarzan-6lj94
Guitar,/anime/guitar-80lkq
Ficfyon7,/anime/ficfyon7-9omln
M.S. Chanda,/anime/chanda-gou-7jkm8
Pair of feather,/anime/tai-no-hane-6lx24
The Moring Sun,/anime/yangguang-shai-pigu-7jx48
Mountain Nocturne,/anime/shan-gaogao-9oy8n
Sewing Love,/anime/sewing-love-80y6q
Kumi to Tulip,/anime/kumi-to-tulip-qxq45
Kacchikenee!,/anime/kacchikenee-pr499
Girls und Panzer: Saishuushou 4,/anime/girls-und-panzer-saishuushou-4-o2q5
Gundam Neo Experience 0087: Green Divers,/anime/gundam-neo-experience-0087-green-divers-llnzq
Magicalâ˜…Taruruuto-kun (1991),/anime/magicaltaruruuto-kun-1991-jvlxy
Planet Robot Thunder-A,/anime/planet-robot-thunder-a-kwmyr
THE FIRST SLAM DUNK,/anime/the-first-slam-dunk-1nqvm
